{
    "parent": "minecraft:item/template_skull",
    "overrides": [
      { "predicate": { "custom_model_data": 1 }, "model": "questadder:player/head" },
      { "predicate": { "custom_model_data": 2 }, "model": "questadder:player/norm/right_shoulder" },
      { "predicate": { "custom_model_data": 3 }, "model": "questadder:player/norm/left_shoulder" },
      { "predicate": { "custom_model_data": 4 }, "model": "questadder:player/norm/arm" },
      { "predicate": { "custom_model_data": 5 }, "model": "questadder:player/slim/right_shoulder" },
      { "predicate": { "custom_model_data": 6 }, "model": "questadder:player/slim/left_shoulder" },
      { "predicate": { "custom_model_data": 7 }, "model": "questadder:player/slim/arm" },
      { "predicate": { "custom_model_data": 8 }, "model": "questadder:player/body" },
      { "predicate": { "custom_model_data": 9 }, "model": "questadder:player/leg" }
    ]
  }